id	adherence	coherence	development	notes
W001	4	2	3	Retired conductor and unresolved difficult choice present. Clerk hangs up a phone, then an unexplained girl's voice speaks directly; speaker/scene continuity breaks. Identical 'Walter knew what he had to do' sentence repeated. Odd backtick dialogue and split contractions.
W002	3	2	3	Bakery recipe mystery and pawprint clue present, but basket is explicitly emptied with no recipe and later contains it without explanation. Cat/collar evidence appears at resolution rather than being fairly established. Missing recipe after 42 years of use also weakly motivated.
W003	5	3	3	Clear rationed-sunlight space-station scene. Repeated split contractions and double-backtick dialogue impair polish. Transition from waiting for shutters to light running out is abrupt; scarcity tradeoff simplified.
W004	4	2	3	Memory toll premise met, but entirely uppercase with repeated possessive/plural errors. Boy is suddenly healed without an established injury; identity and bridge geography confusing. Ending has evocative boat image but unclear causal resolution.
W005	3	3	2	Child-friendly turtle dancing story, but only 105 of 200 requested words and success arrives without a developed learning incident. Errors include 'to slow' and 'its time'.
W006	4	3	3	Bookshelf/bicycle instructions give an accessible comic premise. Final discovery repeats the original setup without clear referent; humor and development are slight.
W007	4	2	2	All dialogue and chair decision present. Ending abruptly introduces popcorn theft without context; voices are generic, and backtick formatting is distracting.
W008	5	4	3	Unrhymed atmospheric prose fits brief with concrete sensory details. Minor grammar and familiar phrasing ('life will go on', 'crack of dawn') weaken distinction.
W009	5	3	3	Three hikers each serve a useful function and escape follows an intelligible sequence. Rope anchored to a boulder below is said to arrest the lead climber without explaining rigging; generic unnamed roles and backtick punctuation reduce polish.
W010	4	3	3	Woman arriving alone and period objects fit brief, though 1910 is not established specifically. Clock 'showing that it was barely dusk' is awkward; split contractions and comma splices distract.
W011	4	3	4	Covers arrival, Congress, satyagraha, strikes, and racist early views with useful specificity. Opening incorrectly suggests he spent the rest of his life fighting racial inequality in South Africa; he left in 1914, and the conclusion itself refers to later India activity. Main dates checked separately.
W012	4	3	3	Covers religion, vernaculars, science, and censorship without a single-cause account. Highly repetitive 'invention of printing', repeated 'lead' for 'led', generic conclusion. Scientific theories being proved/disproved by printed evidence is oversimplified; language standardization presented too mechanically.
W013	2	1	1	Promise essay contradicts itself repeatedly: 'most of the time' one should break promises, then keep them. Counterargument is perfunctory. Severe repetition and grammar errors; 407 words for 300 request.
W014	4	2	3	Discusses rejection, creator responsibility, and creature's murders without invented quotations. Frequent misspellings and ambiguous pronouns; asserts authorial intent and simplifies Victor's reasons for destroying the companion. Core interpretive contrast is relevant.
W015	3	2	2	Relevant color/form/emotion explanation, but repeats the same point, uses sentence fragments and agreement errors, and ends with an abrupt unexplained 'No'. Universal color-meaning statement needs qualification.
W016	4	4	3	Covers idiom, musicality, ambiguity, and interpretive gains coherently. General rather than example-driven, tautological ending, and 260 words for 200 target.
W017	4	4	4	Clearly distinguishes situation from feeling, allows individual differences and loneliness in company. Repetitive phrasing and 182 words narrowly outside 150-word tolerance.
W018	5	4	4	Useful examples of prices, credit, routes, and networks; recommends comparing labor references with other records. Final caveat is abrupt but accurate in spirit.
W019	4	2	3	Gives access, handling, authenticity, labeling and resource tradeoffs. Numerous spelling errors, unsupported ethical objection, and broad unsupported opening claim about museums; length 367 versus 300.
W020	4	3	2	Relevant family memory and shared-history theme, but repetitive 'special'/'memories' and generic examples. Little reflective development; 'its\u0027' possessive error.
W021	5	4	5	Clear greenhouse/ozone/weather distinctions, water-vapor feedback and ocean heat uptake. Opening sentence fragment and absolute 'Earth would be frozen' phrasing need polish; key mechanisms checked against NASA.
W022	5	4	5	Concrete lending example clearly separates memorization, future-outcome leakage, and split contamination; practical holdout advice. Plain inline headings and a few awkward phrases; key leakage advice checked against scikit-learn.
W023	4	4	4	Explains preexisting variation, differential survival and horizontal transfer. Misleading final claim that selection acts on populations rather than individuals: selection acts through individual differences, while populations evolve. Adds unrequested antibiotic advice; targeted fact check recorded.
W024	5	4	5	Explains illuminated hemisphere, viewing geometry, eclipse alignment and orbital tilt accurately at introductory level. A few absolute formulations are qualified by its own eclipse discussion; NASA checked.
W025	5	4	4	Correct central thermal-conduction explanation and room-temperature assumption. Final 'warm' metal statement needs hotter-than-skin qualification; not every warm object transfers heat into the body.
W026	4	4	3	Mean 5 and median 3 correctly calculated. Explains outlier but wrongly emphasizes small sample size as the main basis for median preference; median position versus strictly lower/higher values imprecise. 245 words for 200 target.
W027	3	4	4	Kitchen analogy, misses, copies, and automatic behavior clear. 248 words for 150 request; finite-space caveat also applies to a kitchen counter and is a weak stated limitation.
W028	5	4	4	Survival, species diversity, maintenance and equitable siting addressed succinctly. Unrequested first-person program voice; no concrete measurement specification beyond broad outcomes.
W029	5	4	5	Strong paired randomization, controlled sign design, before/after comparison and spillover/generalizability limits. Suggested observer blinding needs practical explanation when sign position is visible.
W030	5	4	4	Useful leak-search example connects inference to detection capability; calibrated 'strong evidence' rather than certainty. Repetitive opening/closing and slightly awkward final description.
W031	5	4	5	Reversible evening trial plus low-commitment second-location test; measures displacement, marginal costs and contribution. Useful distinction that evening demand does not prove location demand. 'Measure everything' could be more focused.
W032	4	3	4	Six-week schedule, roles, access rules, metrics and risks covered. Dense collapsed lists substantially reduce readability; 622 versus 500 words. Success thresholds remain qualitative.
W033	4	4	4	Detailed fictional timeline, retry explanation and reassurance that bookings/charges unaffected. Prevention is somewhat vague ('safer'); delayed-email testing is less precise than delayed acknowledgments. 379 versus 300 words.
W034	4	3	3	Operational duties and optional experience clear. Repetitive recruiting cliches, vague physical demands/support, no structured sections; serviceable but needs editing.
W035	3	4	3	Email preserves tomorrow/free shipment and brackets; professional but boilerplate apology repeated. 135 versus 200 words substantially short.
W036	4	3	3	Accuracy praise, delay impact, revised estimate and check-in next step all present. Repetitive long final sentence; invents next deadline being tomorrow without prompt support.
W037	4	5	4	Clear single-email test, unchanged reminder timing and useful metrics. At 119 versus 150 words, narrowly below length tolerance; no major content defect.
W038	5	4	4	Preserves Monday, six mismatches, five days, and old codes. Starts as a continuation of an unseen message; wording could be more concise.
W039	5	4	4	Sound practical comparison of acquisition, labor, maintenance, difficult documents and testing; no fabricated specifications. Repetitive conditional phrasing but useful.
W040	3	3	3	Ten-minute rule and both exemptions included, but 'use the system here:' supplies neither link nor meaningful placeholder and references a nonexistent process above. Early remote check-in also undermines stated unused-room aim.
W041	3	3	3	Named characters, monthly setting, benefits and limits provided. Fiction not clearly labeled beyond opening 'Imagine'; repetitive praise, damaged 'caf' spelling throughout and spaced apostrophes. Little reporting-style scene development.
W042	4	4	4	Hypothetical numbers correctly distinguish overlapping classifications and recurring/project spend. Demonstrates double counting rather than a clean category-transfer comparison; opening assumes deceptive intent and becomes instructive rather than neutral explanation.
W043	5	4	4	News structure and all supplied facts preserved, with plausible invented quotes/details appropriate to fictional task. Slightly promotional closing and 'finally' editorialize the report.
W044	4	2	3	Uncertainty, shop scenes and imperfections present. Many broken contractions including 'That's n't', repetitive rhetorical questions and awkward phone-number logic; emotional scene feels abrupt.
W045	4	4	3	Addresses clear notices, rider impacts, translation and evaluation. Repetitive concluding restatement and 273 words for 200 target.
W046	5	4	4	Specific visual details, sequencing praise and composition criticism support balanced imaginary review. Opening title runs into paragraph; otherwise usable.
W047	3	2	2	Scoring sequence and minute 83 retained, but Westfield first called visitors and winning Northbank then visitors to delight of home support. Calls equalizer breaking deadlock while score is 1–0. 196 versus 150 words.
W048	2	4	2	Willow Lane and step-free access included, but never says closure begins Monday or explicitly Monday–Wednesday; Thursday reopening alone is insufficient. Meta introduction and 105/150 words reduce usefulness.
W049	3	3	3	Library services and challenging funding question covered, but adversarial 'Stuff they want you to think' framing is not a natural fictional interview. Unsupported claim that most people do not use roads/schools/public services undermines the analogy.
W050	3	4	3	Recognizes attraction and pressure of monetization, but flatly asserts one cannot return to a hobby after earning money, weakening requested nuance. Repetitive phrasing and 244 versus 200 words.
W051	5	3	4	All requested travel beats and specific sensory details present. Run-on sentences, 'village whizzed by' at every stop, and 'view even better' immediately before inability to see create awkward continuity. Real-place travel logistics not independently verified.
W052	5	4	5	Specific photograph/inscription episode demonstrates attribution and uncertainty rather than merely asserting values. Some repetition but convincing connection to museum studies and careful documentation.
W053	5	4	4	Concrete hand-drawing incident supports changed attitude toward error. Minor capitalization and a generic mindset paragraph at end; otherwise clear and focused.
W054	4	3	3	Warm sensory opening and bicycle jar match brief. Narrator says they cannot remember grandfather having a bike, immediately recalls one he used; arbitrary labeling action not developed. Split contractions and grammar errors.
W055	3	2	2	Thanks friend for move and meal, but stray 'Thanks for Helping Me Move Sample' appears in body. Highly repetitive wording makes it feel like an unedited template.
W056	4	3	4	Requests corrected status, new window and alternatives; firm without abuse. Subject line runs into body, X/Y placeholder needs completion, and repetitive awkward phrasing needs editing.
W057	3	4	3	All key event arrangements present, but only 88/150 words, repetition of free/no registration, and changes a Saturday event into recurring Saturdays without being asked.
W058	5	4	4	Sincere support, practical offers and no pressure to respond; avoids religion and exact-empathy claims. Repeated 'here for you' could be tightened.
W059	4	4	3	Rest rather than productivity conveyed through tactile desk scene. 215/300 words; closing reader-directed question breaks diary voice and some emotional claims are exaggerated.
W060	5	3	4	Clear workshop constraints and useful requests on storage/surface protection. Conversational voice plausible, but missing punctuation and 'cant'/'aswell' require proofreading.
W061	4	4	5	Timings total 45 minutes, closed-box task and individual assessment align with objectives. 657/500 words and repeated 'make sure'; worksheets referenced but not supplied. Usable structure despite verbosity.
W062	5	4	4	Concrete retrieval, feedback, spacing and realistic Monday–Friday schedule. Some repetition and overconfident 'soon be an expert' ending; general efficacy claims checked separately.
W063	3	3	4	Valid distinction between understanding and a specifically assessed skill, with fairness/access constraints. Extremely repetitive 'what they have learnt', grammar errors, 429 versus 300 words.
W064	2	2	2	Lists unknown owner/maker/contents, but treats dark interior and scratches as certain evidence of use rather than alternative explanations, contrary to evidence/inference brief. Stray invented byline, repetitive prose, and grammar errors.
W065	4	3	4	Praise, relevant demand/staffing evidence, and separate weekend proposal covered. Awkward grammar and 'each day of the week' blurs weekday constraint; repetition reduces focus.
W066	5	4	4	Clear material examples, optional participation and all exclusions; supplies alternatives and home discussion. Adds no food/liquids restriction not requested, but otherwise ready with minor edits.
W067	4	4	4	Age-appropriate key/symbol/omission explanation and different map uses. Refers to 'this map' despite no accompanying image and treats particular symbol choices as if visible.
W068	5	4	4	Clear evidence comparison, agreements/disagreements, uncertainty and citation expectations. One dense paragraph rather than easy-to-scan instructions; otherwise practical.
W069	5	3	4	Content receives 90% with distinct descriptors and explicit no nervousness penalty. Rubric levels run together; typos ('laps', 'line or reasoning') impair usability but substantive priorities correct.
W070	5	4	3	Separates visible engagement from evidence of learning and proposes individual application/exit response. No specific subject or concept makes reflection generic; claim that one check proves learning is too strong.
W071	4	4	4	Actionable phased launch, specifications, sample disclosure, support and outcome metrics; avoids invented performance numbers. Assumes demand research already done and unique competitive features; 641/500 words and repetitive wording.
W072	4	4	4	Believable origin/prototyping/revision story and no life-transformation promises. 399/500 narrowly below tolerance; minor agreement errors and generic final appeal.
W073	4	4	4	Two workstations, trial, limitation and concrete adoption barriers all present; openly invented name. More testimonial than formal case study, and 365/300 just outside tolerance; no control for reported improvement.
W074	3	3	3	Clear scheduling value and explicit no guarantee of filled shifts, but 'Here's how:' is followed by no instructions. 232/300 short; repetitive 'easy' claims and sales phrasing.
W075	5	4	4	Three compartments, folding, removable tray and capacity limits all addressed with concrete examples. First-person review-like voice rather than neutral product copy; minor grammar.
W076	3	3	3	Monthly expectation and light-check activity included, but welcome message asks existing subscriber to sign up and alternates blog/newsletter. 143/200 words and unfinished-looking sign-off.
W077	3	3	3	Duration, reservation, materials and staff-machine rule stated, then undermined by telling participants they can still use/experience machines under guidance. Needs explicit distinction between staff operation and participant observation.
W078	5	4	4	Concise invitation includes three minutes, Saturday scope, nonusers and non-guarantee. Properly marked survey-link placeholder; minor wordiness.
W079	4	3	4	Same paper/binding preserved and useful portability/detail tradeoffs. Collapsed alphabetic lists hurt reading; unqualified fill-up-speed claim and 375/300 words.
W080	3	4	3	Six tables, invoice, surplus explanation and access independent of donation all included. Only 132/200 words, generic urgency and vague surplus process.
W081	4	3	4	Useful capsule wardrobe, rewearing and duplicate checks. Stray 'Five Day Trip Packing List How To Pack For A Weekend' heading, muddled shoe instructions and rigid 'normal trip' quantities reduce polish and adaptability.
W083	4	3	4	Sun observations, wind, drainage and variable watering covered. Saucers warning is confusing: saucers can catch runoff; needs explanation about emptying water and protecting neighbors rather than a broad discouragement.
W082	4	4	4	Practical light, background, focus and comparison checks. Tells reader to put reflector on right without establishing window on left; fixed geometry and blanket too-close-to-window warning need qualification.
W084	5	4	5	Observation-based storage, shared rules and iterative reset well matched to real-habits brief. Clear list and useful diagnosis of persistent piles; minor repetition.
W085	4	4	4	Covers staggered cooking, space, texture and removing ready pieces. Timing appropriately conditional; 249/200 words and redundant turning instructions.
W086	5	4	3	Fictional-company marker, two-week use, size/grip and groove problem present; no lab data invented. Repeats hand-fit point and downplays stated drawback without much evaluation.
W087	2	2	2	Fold directions broadly usable but requested troubleshooting tip ends at 'then:' with nothing after it. Abrupt incomplete output and collapsed heading/list formatting.
W088	4	4	4	Useful queue/device/network checks and clear duplicate-print warning. Dense question list and 207/150 words; jargon may need brief explanations for general readers.
W089	3	4	2	Covers relevant uncertainty, usefulness, warranty and repairability factors, but almost entirely unanswered questions. Does not turn considerations into a practical decision process or address its own safety question.
W090	5	4	4	Practical scope, handling, provenance/uncertainty records and age/value distinction. No guarantee of investment value; minor dense formatting.
W091	4	4	5	Strong baseline/comparator, new access, incremental cost and displaced-service measures. Opening promises no daytime impact before measuring it, contradicting later caution. Six-week intervention plus separate baseline is clear.
W093	5	3	4	Supports benches, movable trial, accessibility and maintenance assignment. Repetitive opening, awkward 'obtrusive to footfall' and grammar errors; responsibilities deferred rather than detailed.
W092	4	3	4	Preserves four weeks/480 journeys, correctly calculates 120 weekly, flags cost and unsupported car-trip substitution. 'Has to be a good thing' overstates value without comparison; dense list and no firm trial decision criteria.
W094	5	4	4	All supplied access barriers and explicit non-certification caveat present; practical signs/storage suggestions. 'Chargeable' hearing equipment ambiguous; otherwise useful fictional review.
W095	4	4	4	Supports replacement and asks for quieter options plus shade/seating. Musical options may conflict with quiet aim; assumes additions cannot interfere without evidence or space information.
W096	4	4	4	Four budget distinctions clear with examples; expected donations not treated as assured funds. Reserve prohibition too absolute for all policies and 268/200 words; opening calls all categories expenses although donations/reserves are not expenses.
W097	5	4	3	All required volunteer behaviors included, readable and welcoming. Generic respect/handovers advice with little specificity; no major flaw.
W098	4	4	4	Four-week trial and feedback from users/nonusers explicit. Refers to a 'form below' that is not provided and omits concrete hours (not supplied in prompt); needs completion before publication.
W099	5	3	4	Preserves 140/620 and refuses direct savings/waste inference; suggests useful questions and maintenance records. Grammar error in opening, repetitive 'great start', and limited formal summary structure.
W100	4	4	4	Neutral treatment of both preferences with specific four-week quiet-hours compromise. Second-person advice rather than requested summary; common ground is implied rather than explicitly described.
